1999/01,0,sp2
1999/02,0,sp2
1999/03,0,sp2
1999/04,0,sp2
1999/05,0,sp2
1999/06,0,sp2
1999/07,0,sp2
1999/08,0,sp2
1999/09,1,sp2
1999/10,0,sp2
1999/11,0,sp2
1999/12,2,sp2
2000/01,0,sp2
2000/02,0,sp2
2000/03,0,sp2
2000/04,0,sp2
2000/05,0,sp2
2000/06,0,sp2
2000/07,0,sp2
2000/08,0,sp2
2000/09,0,sp2
2000/10,0,sp2
2000/11,1,sp2
2000/12,0,sp2
2001/01,0,sp2
2001/02,1,sp2
2001/03,0,sp2
2001/04,0,sp2
2001/05,0,sp2
2001/06,1,sp2
2001/07,1,sp2
2001/08,1,sp2
2001/09,0,sp2
2001/10,0,sp2
2001/11,0,sp2
2001/12,0,sp2
2002/01,0,sp2
2002/02,0,sp2
2002/03,0,sp2
2002/04,0,sp2
2002/05,0,sp2
2002/06,0,sp2
2002/07,0,sp2
2002/08,0,sp2
2002/09,2,sp2
2002/10,2,sp2
2002/11,0,sp2
2002/12,1,sp2
2003/01,0,sp2
2003/02,0,sp2
2003/03,0,sp2
2003/04,1,sp2
2003/05,0,sp2
2003/06,0,sp2
2003/07,0,sp2
2003/08,0,sp2
2003/09,0,sp2
2003/10,1,sp2
2003/11,0,sp2
2003/12,0,sp2
2004/01,0,sp2
2004/02,1,sp2
2004/03,0,sp2
2004/04,2,sp2
2004/05,1,sp2
2004/06,4,sp2
2004/07,8,sp2
2004/08,1,sp2
2004/09,1,sp2
2004/10,0,sp2
2004/11,1,sp2
2004/12,12,sp2
2005/01,1,sp2
2005/02,0,sp2
2005/03,1,sp2
2005/04,0,sp2
2005/05,17,sp2
2005/06,4,sp2
2005/07,1,sp2
2005/08,1,sp2
2005/09,1,sp2
2005/10,5,sp2
2005/11,2,sp2
2005/12,2,sp2
2006/01,3,sp2
2006/02,6,sp2
2006/03,4,sp2
2006/04,3,sp2
2006/05,8,sp2
2006/06,8,sp2
2006/07,19,sp2
2006/08,6,sp2
2006/09,2,sp2
2006/10,4,sp2
2006/11,6,sp2
2006/12,10,sp2
2007/01,8,sp2
2007/02,16,sp2
2007/03,6,sp2
2007/04,16,sp2
2007/05,24,sp2
2007/06,14,sp2
2007/07,8,sp2
2007/08,9,sp2
2007/09,2,sp2
2007/10,10,sp2
2007/11,1,sp2
2007/12,2,sp2
2008/01,5,sp2
2008/02,17,sp2
2008/03,5,sp2
2008/04,22,sp2
2008/05,3,sp2
2008/06,12,sp2
2008/07,13,sp2
2008/08,16,sp2
2008/09,33,sp2
2008/10,22,sp2
2008/11,10,sp2
2008/12,15,sp2
2009/01,5,sp2
2009/02,5,sp2
2009/03,9,sp2
2009/04,28,sp2
2009/05,6,sp2
2009/06,70,sp2
2009/07,47,sp2
2009/08,33,sp2
2009/09,17,sp2
2009/10,70,sp2
2009/11,29,sp2
2009/12,24,sp2
2010/01,17,sp2
2010/02,47,sp2
2010/03,18,sp2
2010/04,55,sp2
2010/05,13,sp2
2010/06,44,sp2
2010/07,7,sp2
2010/08,60,sp2
2010/09,32,sp2
2010/10,35,sp2
2010/11,6,sp2
2010/12,58,sp2
2011/01,13,sp2
2011/02,49,sp2
2011/03,3,sp2
2011/04,157,sp2
2011/05,4,sp2
2011/06,48,sp2
2011/07,70,sp2
2011/08,20,sp2
2011/09,34,sp2
2011/10,22,sp2
2011/11,12,sp2
2011/12,38,sp2
2012/01,26,sp2
2012/02,20,sp2
2012/03,14,sp2
2012/04,10,sp2
2012/05,41,sp2
2012/06,21,sp2
2012/07,25,sp2
2012/08,24,sp2
2012/09,6,sp2
2012/10,19,sp2
2012/11,26,sp2
2012/12,20,sp2
2013/01,12,sp2
2013/02,140,sp2
2013/03,14,sp2
2013/04,20,sp2
2013/05,32,sp2
2013/06,13,sp2
2013/07,41,sp2
2013/08,25,sp2
2013/09,52,sp2
2013/10,33,sp2
2013/11,33,sp2
2013/12,26,sp2
2014/01,23,sp2
2014/02,11,sp2
2014/03,19,sp2
2014/04,9,sp2
2014/05,18,sp2
2014/06,13,sp2
2014/07,12,sp2
2014/08,19,sp2
2014/09,5,sp2
2014/10,21,sp2
2014/11,31,sp2
2014/12,14,sp2
2015/01,16,sp2
2015/02,29,sp2
2015/03,74,sp2
2015/04,29,sp2
2015/05,52,sp2
2015/06,48,sp2
2015/07,61,sp2
2015/08,71,sp2
2015/09,36,sp2
2015/10,18,sp2
2015/11,41,sp2
2015/12,32,sp2
2016/01,23,sp2
2016/02,28,sp2
2016/03,32,sp2
2016/04,22,sp2
2016/05,45,sp2
2016/06,28,sp2
2016/07,37,sp2
2016/08,26,sp2
2016/09,39,sp2
2016/10,37,sp2
2016/11,76,sp2
2016/12,37,sp2
2017/01,3,sp2
2017/02,4,sp2
2017/03,144,sp2
2017/04,15,sp2
2017/05,420,sp2
2017/06,62,sp2
2017/07,22,sp2
2017/08,17,sp2
2017/09,27,sp2
2017/10,26,sp2
2017/11,17,sp2
2017/12,4,sp2
2018/01,9,sp2
2018/02,15,sp2
2018/03,37,sp2
2018/04,3,sp2
2018/05,0,sp2
2018/06,0,sp2
2018/07,0,sp2
2018/08,2,sp2
2018/09,4,sp2
2018/10,6,sp2
2018/11,5,sp2
2018/12,2,sp2
2019/01,0,sp2
2019/02,1,sp2
2019/03,2,sp2
2019/04,4,sp2
2019/05,3,sp2
2019/06,0,sp2
2019/07,1,sp2
2019/08,2,sp2
2019/09,1,sp2
2019/10,0,sp2
2019/11,0,sp2
2019/12,0,sp2
